{ "Settings": { "tsl": 0.08 },
  "Polyhed": { "type": "polyhedron", "s": 0.18,
    "planes": [
      { "normal": { "x":  -1, "y": 0.8, "z":    0 }, "d": 0.4 },
      { "normal": { "x":   0, "y":   -1, "z": 0.3 }, "d":    1 },
      { "normal": { "x":   0, "y": 0.2, "z":-0.8 }, "d":    1 },
      { "normal": { "x":   1, "y": 0.6, "z": 0.4 }, "d":    1 },
      { "normal": { "x":   0, "y":    1, "z": 0.4 }, "d": 0.7 },
      { "normal": { "x":0.2, "y":    0, "z":    1 }, "d":    1 }
    ]}
}