{
"Sph": { "type": "sphere", "r": 0.8, "c": { "x": 0.0, "y": 0.75, "z": 0.25 } },
"Box": { "type": "box", "whd": { "x": 1.4, "y": 0.4, "z": 1.4 }, "s": 0.11 },
"UnionA": { "type": "union", "op1": "Sph", "op2": "Box", "s": 0.07 },
"Section": { "type": "section", "op": "UnionA", "s": 0.06,
          "planes": [{ "normal": {"x":1.4, "y": 0.6, "z": 0.3}, "d": 0.2}] },
"MirrorYZ": { "type": "mirrorYZ", "op": "Section"},
"UnionB": { "type": "union", "op1": "Section", "op2": "MirrorYZ", "s": 0.07 }
}
